distance,average,std
,47.40385894268335,2.8823037615171174e+17
